Workbook

Sheet Weekly schedule
A1: Weekly CNA Schedule
A2: Type a shift code in each day (D, E, N, D12, N12, OFF, PTO, CO). Hours add up on the right and turn red over 40. Yellow cells are yours to fill in.
A4: Facility | D4: Unit / hall | G4: Week of (Monday) | J4: Scheduler
A6: Name | B6: Role | C6: Mon | D6: Tue | E6: Wed | F6: Thu | G6: Fri | H6: Sat | I6: Sun | J6: Hours | K6: Notes
A7: date | C7: =IF($H$4="","",$H$4+0) | D7: =IF($H$4="","",$H$4+1) | E7: =IF($H$4="","",$H$4+2) | F7: =IF($H$4="","",$H$4+3) | G7: =IF($H$4="","",$H$4+4) | H7: =IF($H$4="","",$H$4+5) | I7: =IF($H$4="","",$H$4+6)
A8: Example: Maria L. | B8: CNA | C8: D | D8: D | E8: OFF | F8: E | G8: D | H8: OFF | I8: D12 | J8: =SUMPRODUCT(COUNTIF(C8:I8,'Shift codes'!$A$2:$A$9),'Shift codes'!$C$2:$C$9) -> 44 | K8: Delete this row when you start
J9: =SUMPRODUCT(COUNTIF(C9:I9,'Shift codes'!$A$2:$A$9),'Shift codes'!$C$2:$C$9) -> 0
J10: =SUMPRODUCT(COUNTIF(C10:I10,'Shift codes'!$A$2:$A$9),'Shift codes'!$C$2:$C$9) -> 0
J11: =SUMPRODUCT(COUNTIF(C11:I11,'Shift codes'!$A$2:$A$9),'Shift codes'!$C$2:$C$9) -> 0
J12: =SUMPRODUCT(COUNTIF(C12:I12,'Shift codes'!$A$2:$A$9),'Shift codes'!$C$2:$C$9) -> 0
J13: =SUMPRODUCT(COUNTIF(C13:I13,'Shift codes'!$A$2:$A$9),'Shift codes'!$C$2:$C$9) -> 0
J14: =SUMPRODUCT(COUNTIF(C14:I14,'Shift codes'!$A$2:$A$9),'Shift codes'!$C$2:$C$9) -> 0
J15: =SUMPRODUCT(COUNTIF(C15:I15,'Shift codes'!$A$2:$A$9),'Shift codes'!$C$2:$C$9) -> 0
J16: =SUMPRODUCT(COUNTIF(C16:I16,'Shift codes'!$A$2:$A$9),'Shift codes'!$C$2:$C$9) -> 0
J17: =SUMPRODUCT(COUNTIF(C17:I17,'Shift codes'!$A$2:$A$9),'Shift codes'!$C$2:$C$9) -> 0
J18: =SUMPRODUCT(COUNTIF(C18:I18,'Shift codes'!$A$2:$A$9),'Shift codes'!$C$2:$C$9) -> 0
J19: =SUMPRODUCT(COUNTIF(C19:I19,'Shift codes'!$A$2:$A$9),'Shift codes'!$C$2:$C$9) -> 0
J20: =SUMPRODUCT(COUNTIF(C20:I20,'Shift codes'!$A$2:$A$9),'Shift codes'!$C$2:$C$9) -> 0
... J47: =SUMPRODUCT(COUNTIF(C47:I47,'Shift codes'!$A$2:$A$9),'Shift codes'!$C$2:$C$9) -> 0
A49: Coverage check | B49: Scheduled counts the shift codes in each day; type how many you need in the yellow rows.
A50: Shift | C50: Mon | D50: Tue | E50: Wed | F50: Thu | G50: Fri | H50: Sat | I50: Sun
A51: Day: scheduled | C51: =COUNTIF(C8:C47,"D")+COUNTIF(C8:C47,"D12") -> 1 | D51: =COUNTIF(D8:D47,"D")+COUNTIF(D8:D47,"D12") -> 1 | E51: =COUNTIF(E8:E47,"D")+COUNTIF(E8:E47,"D12") -> 0 | F51: =COUNTIF(F8:F47,"D")+COUNTIF(F8:F47,"D12") -> 0 | G51: =COUNTIF(G8:G47,"D")+COUNTIF(G8:G47,"D12") -> 1 | H51: =COUNTIF(H8:H47,"D")+COUNTIF(H8:H47,"D12") -> 0 | I51: =COUNTIF(I8:I47,"D")+COUNTIF(I8:I47,"D12") -> 1
A52: Day: needed
A53: Day: short by | C53: =IF(C52="","",MAX(0,C52-C51)) | D53: =IF(D52="","",MAX(0,D52-D51)) | E53: =IF(E52="","",MAX(0,E52-E51)) | F53: =IF(F52="","",MAX(0,F52-F51)) | G53: =IF(G52="","",MAX(0,G52-G51)) | H53: =IF(H52="","",MAX(0,H52-H51)) | I53: =IF(I52="","",MAX(0,I52-I51))
A54: Evening: scheduled | C54: =COUNTIF(C8:C47,"E") -> 0 | D54: =COUNTIF(D8:D47,"E") -> 0 | E54: =COUNTIF(E8:E47,"E") -> 0 | F54: =COUNTIF(F8:F47,"E") -> 1 | G54: =COUNTIF(G8:G47,"E") -> 0 | H54: =COUNTIF(H8:H47,"E") -> 0 | I54: =COUNTIF(I8:I47,"E") -> 0
A55: Evening: needed
A56: Evening: short by | C56: =IF(C55="","",MAX(0,C55-C54)) | D56: =IF(D55="","",MAX(0,D55-D54)) | E56: =IF(E55="","",MAX(0,E55-E54)) | F56: =IF(F55="","",MAX(0,F55-F54)) | G56: =IF(G55="","",MAX(0,G55-G54)) | H56: =IF(H55="","",MAX(0,H55-H54)) | I56: =IF(I55="","",MAX(0,I55-I54))
A57: Night: scheduled | C57: =COUNTIF(C8:C47,"N")+COUNTIF(C8:C47,"N12") -> 0 | D57: =COUNTIF(D8:D47,"N")+COUNTIF(D8:D47,"N12") -> 0 | E57: =COUNTIF(E8:E47,"N")+COUNTIF(E8:E47,"N12") -> 0 | F57: =COUNTIF(F8:F47,"N")+COUNTIF(F8:F47,"N12") -> 0 | G57: =COUNTIF(G8:G47,"N")+COUNTIF(G8:G47,"N12") -> 0 | H57: =COUNTIF(H8:H47,"N")+COUNTIF(H8:H47,"N12") -> 0 | I57: =COUNTIF(I8:I47,"N")+COUNTIF(I8:I47,"N12") -> 0
A58: Night: needed
A59: Night: short by | C59: =IF(C58="","",MAX(0,C58-C57)) | D59: =IF(D58="","",MAX(0,D58-D57)) | E59: =IF(E58="","",MAX(0,E58-E57)) | F59: =IF(F58="","",MAX(0,F58-F57)) | G59: =IF(G58="","",MAX(0,G58-G57)) | H59: =IF(H58="","",MAX(0,H58-H57)) | I59: =IF(I58="","",MAX(0,I58-I57))
A61: Free template from WiserShifts. Build and send this schedule online, with call-out cover by text: wisershifts.com

Sheet Call-out log
A1: Date | B1: Shift | C1: Who called out | D1: Time called | E1: Reason | F1: Covered by | G1: Time covered | H1: Overtime? (Y/N) | I1: Notes

Sheet Shift codes
A1: Code | B1: Shift | C1: Hours | E1: Change the hours (yellow) if your shifts are different lengths. PTO counts 0 hours toward overtime here; change it if your policy counts it.
A2: D | B2: Day 7a-3p | C2: 8
A3: E | B3: Evening 3p-11p | C3: 8
A4: N | B4: Night 11p-7a | C4: 8
A5: D12 | B5: Day 7a-7p | C5: 12
A6: N12 | B6: Night 7p-7a | C6: 12
A7: OFF | B7: Day off | C7: 0
A8: PTO | B8: Paid time off | C8: 0
A9: CO | B9: Called out | C9: 0
